cartridge_name,oal,case_length,case_vol,groove_dia,eff_case_vol,barrel_length,bullet_dia,bullet_mass,bullet_length,propellant_mass
"6.5 Creedmoor Hornady, ELD-M 26331, 0.264, 140.00 grain Alliant Reloder 16",2.85,1.9099999999999997,52.554363798778404,0.26399999999999996,34.645092,18.0,0.2641732283464567,139.9976450611971,1.3818897637795275,41.999293518359124
